store_type,Sum of order_count,Sum of percentage_of_total_sales,Sum of total_sales
Local,77714,65.00963681833886,4191902.02
Mall Kiosk,13041,10.923524976110727,704362.44
Outlet,9145,7.873981437863283,507724.09
Super Store,19107,16.176297377802925,1043067.72
Web Portal,43,0.016559389884193358,1067.77
